Time,BallX,BallY,VelX,VelY,Pitch,Roll,TargetX,TargetY
1701086865.725132,6,343,-32101.137345845003,-45491.090724324975,0.2879793265790644,0.06522741196524574,0,0
1701086865.756937,3,321,338.4957184830593,13628.101621224809,-0.07172572608622575,-0.029171142961785437,0,0
1701086865.793131,4,281,-127.78386187776589,439.87966339987,-0.21061727063543226,0.011176478038668879,0,0
1701086865.823277,-1,249,248.15411883626308,-44.79848131816291,-0.19882782952359976,-0.05412927083038195,0,0
1701086865.859008,-4,212,-81.51572872795896,-12.401268635192514,-0.19495984981838022,-0.028704357166213824,0,0
1701086865.8899572,-5,182,-60.351559536149715,-63.359221788484646,-0.1778499064372154,-0.01240662279574222,0,0
1701086865.924491,-6,160,-1.4409047073439225,-356.2534592894931,-0.07049767272316014,-0.011972425358864084,0,0
1701086865.955553,-7,137,6.40269039296813,137.52381436665996,-0.10777600376358674,-0.013707991036107899,0,0
1701086865.990669,-8,115,-1.4969009766158194,-110.94910635083603,-0.07376448338171807,-0.013249115072611466,0,0
1701086866.025244,-9,99,3.15690855945254,-171.25652645816774,-0.022110151830597634,-0.014201300690170185,0,0
1701086866.055582,-9,84,-34.40829252363926,48.50932600622012,-0.034954582668951954,-0.005090579722225205,0,0
1701086866.0876281,-9,72,1.35,-134.2710609944275,0.002596081627939554,-0.005468124938784619,0,0
1701086866.1201339,-9,63,1.3500000000000014,-109.5788288271196,0.03368285407864153,-0.005851110806197553,0,0
1701086866.1549408,-9,55,1.35,-48.5728466984223,0.04843817816408968,-0.006261210046191284,0,0
1701086866.186777,-8,51,-37.218429942119386,-124.70043821908615,0.08308008350553482,0.004078106682968131,0,0
1701086866.223,-6,49,-26.24236161001874,-77.7912329153198,0.10766491967466413,0.012371639728981901,0,0
1701086866.252703,-5,47,26.458410188675206,11.233882767750728,0.1047521102473394,0.005511295160420193,0,0
1701086866.286326,-3,47,-31.061568911780224,-82.1470173896769,0.12884799815359443,0.014622472978846114,0,0
1701086866.3195431,-1,46,-3.3382843494779246,28.420749121785217,0.12060711813440457,0.015590441862287665,0,0
1701086866.352708,1,44,-2.988364106557097,30.26705528116464,0.1118469414422925,0.01645536239554142,0,0
1701086866.384641,2,40,32.33103727533028,75.92085938138356,0.09069018191162846,0.007445717528707554,0,0
1701086866.418247,3,34,-0.06902600351128749,62.54390847609864,0.07235897753309214,0.007465948592109716,0,0
1701086866.4938822,6,26,-7.589411637946728,-35.27080691779638,0.09563814961933545,0.012475054847174032,0,0
1701086866.516991,7,17,-8.779734191508096,474.3051457017996,-9.981532152417396e-05,0.01424723440675472,0,0
1701086866.552222,7,6,44.96531552665663,-68.69322366712125,0.021021022876741124,0.0004219238000693591,0,0
1701086866.583526,8,-6,-40.89772208123532,103.30601942338855,-0.007202693793483425,0.011595384232686134,0,0
1701086866.6180549,8,-19,33.50215095292068,12.545630175220012,-0.010981664470537857,0.0015039305311889736,0,0
1701086866.649677,8,-35,-1.2000000000000004,181.31677698592483,-0.06102306295790041,0.0018351170831620244,0,0
1701086866.6858728,9,-49,-31.21128708579867,-98.6897940593454,-0.02984749015951622,0.011694594063015382,0,0
1701086866.71605,9,-63,32.991558403080234,126.48706487762566,-0.06314485986862774,0.0030096576350105036,0,0
1701086866.748374,8,-80,36.053484862924385,107.1091070743289,-0.09337031366122879,-0.007164387976539004,0,0
1701086866.78393,10,-95,-95.95730992965578,-76.3198220039255,-0.06968732939313155,0.022612351562451016,0,0
1701086866.814841,10,-111,66.74918115510835,156.3213192450219,-0.11184510578401405,0.004610987020479375,0,0
1701086866.8491352,10,-127,-1.5,-16.035356402615587,-0.10704502659242346,0.0050600022220505395,0,0
1701086866.881174,11,-142,-39.58448391696197,44.3860199003284,-0.11945538907263649,0.01612785185364201,0,0
1701086866.917523,13,-158,-29.016187577664898,14.765966747787752,-0.12413781984168525,0.025329165376476802,0,0
1701086866.945611,15,-171,-27.03805763756516,76.54947025925078,-0.14290107249477613,0.03195653856383286,0,0
1701086866.982635,16,-183,41.14882920093847,-98.46263196183799,-0.11108905511926971,0.018661878006421075,0,0
1701086867.0130901,17,-194,-11.20504841781864,91.0439535834189,-0.1352834345577614,0.021639551782406438,0,0
1701086867.046266,18,-204,-1.0575392651847202,-22.99907390984768,-0.12863486469728616,0.02194526512166249,0,0
1701086867.0804029,19,-208,-3.131209396100148,-166.3075562238522,-0.07900749248183889,0.022879640550615376,0,0
1701086867.1111832,19,-214,32.82980109543223,136.33618388557406,-0.1155758473518635,0.01407396781902648,0,0
1701086867.150031,18,-216,23.25456162847151,-103.9356409399807,-0.08030429566964001,0.006182310396143639,0,0
1701086867.177126,17,-213,14.615163748132952,-197.5331433305054,-0.03360761086336757,0.002727296804846085,0,0
1701086867.212727,15,-212,20.54166813322427,117.58177058492188,-0.07014973187443795,-0.003656653011179115,0,0
1701086867.2427971,14,-206,-29.155988839915562,-192.2455643793162,-0.019739611809270797,0.00398855275876451,0,0
1701086867.2760801,11,-199,66.47063124161544,8.39426525241322,-0.022177647274396844,-0.015317217488343726,0,0
1701086867.309279,8,-191,3.0826576193286415,-16.696950966556575,-0.0173385271571415,-0.01621063512670073,0,0
1701086867.3463411,6,-179,-35.245906281350905,-72.08995780722377,0.005950416578641999,-0.004824306804826928,0,0
1701086867.373863,3,-172,78.9933225390714,109.90630412683981,-0.020489377041142887,-0.023827467377525217,0,0
1701086867.4096692,1,-161,-53.109545187284695,-45.65421525177451,-0.006230361349834253,-0.007239955490453129,0,0
1701086867.4398699,-2,-151,58.604499800581166,-21.459067350999838,-0.0005710076688668635,-0.022695594183540065,0,0
1701086867.4775648,-4,-145,-42.9718750682429,185.4295510858467,-0.061484014273842404,-0.008579472483777977,0,0
1701086867.5068731,-4,-135,-67.27484387568211,-226.66051386336727,-0.0034220207267560655,0.008653840387584034,0,0
1701086867.540603,-5,-126,35.031145656229825,89.03613433381854,-0.029635182683946815,-0.0016596924438149927,0,0
1701086867.575983,-6,-120,0.7330668149252687,113.31710628795018,-0.06459800819300585,-0.0018858726559321747,0,0
1701086867.605312,-7,-112,9.974765367467285,-126.8685521304039,-0.03210137937282054,-0.004440849774153282,0,0
1701086867.639584,-8,-103,-2.836226240457491,14.494681496150102,-0.03643607569499548,-0.0035926642202566625,0,0
1701086867.6722949,-8,-99,-32.24783126874257,170.2360769204588,-0.08503869216705148,0.0056141326207125395,0,0
1701086867.705666,-7,-88,-33.97287941786047,-234.6586015891288,-0.016702684981151007,0.01550753058823966,0,0
1701086867.7381408,-6,-80,-1.445966107579611,97.05791822127887,-0.044204443871971595,0.01591725101068155,0,0
1701086867.775258,-7,-70,60.588200028474,-24.8648768290083,-0.03614965754563074,-0.0037098321429180204,0,0
1701086867.804287,-7,-61,-33.74523924128075,-57.244978493281714,-0.021646055688058705,0.004839869986876499,0,0
1701086867.837482,-7,-51,1.0500000000000027,3.8787365399754585,-0.02276935409773308,0.004535785572273398,0,0
1701086867.870191,-8,-38,37.622037669338454,-122.34096526890428,0.012153801702398263,-0.006203710230762166,0,0
1701086867.9035242,-6,-25,-103.65777845131905,-5.363840511470407,0.013714390651724643,0.023955125256034375,0,0
1701086867.935091,-5,-11,32.953206497737774,-82.11147394854977,0.03632823103003281,0.01487967555505588,0,0
1701086867.9696372,-4,5,2.2723847200784157,-42.7820620362468,0.04922617729067968,0.014194596467978342,0,0
1701086868.005783,-4,19,30.636296791899042,58.31049559635965,0.030836779505090107,0.0045328187275952645,0,0
1701086868.035451,-3,35,-43.65630948353019,-221.37171874060104,0.08816024291238495,0.015837473511023572,0,0
1701086868.0681741,-2,51,2.5324372104247197,28.068995366795537,0.08014282982357371,0.015114127521182052,0,0
1701086868.100836,0,67,-37.984753442905614,-33.29920525225995,0.08963379109812106,0.02594056680760853,0,0
1701086868.135137,1,81,33.61259333771321,58.637683087798266,0.07209086580489615,0.01588452122763313,0,0
1701086868.167189,1,94,33.95870391381254,-28.841616854593294,0.08016238317495104,0.006380953175718029,0,0
1701086868.203498,1,107,-0.1500000000000006,16.677662128818625,0.0748787320453545,0.006428474684627241,0,0
1701086868.233092,2,119,-44.59990700162187,-95.89615872548093,0.09965545309174692,0.017951766849411372,0,0
1701086868.267751,2,129,36.263288973250326,93.91929472142108,0.0712636509884239,0.006989374859586166,0,0
1701086868.299799,2,137,-0.3000000000000007,13.934225351177384,0.06736626914981113,0.007073284407631837,0,0
1701086868.3344371,1,148,32.395504785961876,-110.01394220076881,0.1006253142230469,-0.0027204156661302862,0,0
1701086868.365003,1,155,-35.56537610991208,75.03037111655257,0.08061245228063062,0.006765942343643136,0,0
1701086868.399651,-1,161,65.24891280000405,28.476250603593627,0.07200414118019681,-0.01295866775922727,0,0
1701086868.436277,-1,165,-58.9533549611691,35.8651920494849,0.06053893454311956,0.005887248237714247,0,0
1701086868.464643,-2,169,48.47784162864763,-73.72745013752463,0.0787920959995486,-0.006114711258461701,0,0
1701086868.498207,-3,173,-4.3008591742909195,-6.946563302836308,0.08082657002594229,-0.004855097561758006,0,0
1701086868.53073,-4,176,3.0696728066160803,0.5377621153598375,0.08067390202180996,-0.005726562485261942,0,0
1701086868.5628579,-4,178,-35.28768315287567,5.465062381233954,0.07914204620955993,0.004164567527121307,0,0
1701086868.597506,-5,178,33.28277676706021,40.68830372563144,0.06683884002563668,-0.005899377819429941,0,0
1701086868.632416,-7,179,34.161604209386645,-58.90552154139564,0.08478532778024572,-0.016307244443456315,0,0
1701086868.662456,-7,180,-70.44822572625077,-34.28714063641977,0.09377551114983138,0.0021644757287478194,0,0
1701086868.697373,-8,178,33.26152866124177,73.17558839634864,0.0714835559874734,-0.007968199959923298,0,0
1701086868.7285209,-9,178,7.014494154846786,-95.76255707421365,0.09748079036315738,-0.009872466660206735,0,0
1701086868.761985,-10,178,0.3054505377691583,-26.70000000000002,0.10527894048935403,-0.009961678238845363,0,0
1701086868.7956312,-10,174,-31.759290348518338,111.40928364169,0.07252571429524553,-0.0006247613630946951,0,0
1701086868.826321,-11,171,42.98036427428266,-46.828713525325604,0.08505970100131077,-0.01212871425610672,0,0
1701086868.864716,-12,169,-3.439339210851274,-67.66418993875163,0.10773724736430715,-0.010976025153011694,0,0
1701086868.8939562,-12,162,-31.63604610812062,227.41987802232282,0.04978072183616699,-0.00291377778123736,0,0
1701086868.925699,-13,157,40.49130729360106,-113.67168425201427,0.08130750687546372,-0.014144021701748704,0,0
1701086868.960305,-14,152,0.6341786304225975,-30.129106847887012,0.09040136851462523,-0.014335435697148322,0,0
1701086868.993804,-15,144,4.64592680119336,94.66789738240838,0.06272771348276865,-0.01569354947335408,0,0
1701086869.025502,-15,135,-33.06588373106197,45.87945377173558,0.050036288696129305,-0.006546684332708802,0,0
1701086869.0585458,-14,125,-33.58602887121608,15.991523768763642,0.045423641886128165,0.003140978404974046,0,0
1701086869.095926,-13,113,4.270494212854442,15.879460988978556,0.04024138637213774,0.0017473043881173391,0,0
1701086869.123753,-12,100,-12.223290386139539,203.34585029017117,-0.009127851311610742,0.004714930860404238,0,0
1701086869.157632,-11,86,7.432677048749155,-54.06707223792387,0.0068551885289846945,0.0025177197210684878,0,0
1701086869.1897888,-10,71,-1.7336425663603219,72.27556862533162,-0.013429502540130697,0.003004279765517064,0,0
1701086869.2239318,-7,55,-65.30485010504293,15.423920762123043,-0.01802380000008431,0.022456526155231547,0,0
1701086869.256049,-7,36,103.65029294112776,164.46214348267333,-0.06412797837720602,-0.006600079172924885,0,0
1701086869.291817,-6,18,-29.684991506497486,-72.42886456654618,-0.041526123806038755,0.002663297589798618,0,0
1701086869.32182,-3,1,-94.02070489379633,104.20020838951636,-0.06881475408757566,0.02728605309394627,0,0
1701086869.354857,-2,-18,78.0536214166138,38.42201485677756,-0.079891248767335,0.004784356460393355,0,0
1701086869.3887901,0,-35,-34.322348552176955,-54.22217865026519,-0.06383291258697057,0.014949197218738764,0,0
1701086869.419977,1,-50,30.712193474992564,5.244657073502125,-0.06526005009833842,0.006592021001060754,0,0
1701086869.453152,2,-67,0.529422497797042,68.43447709205408,-0.08507696900736092,0.006438713440993574,0,0
1701086869.4880471,3,-79,-0.14352720227060226,-153.71919037857194,-0.03825616866471113,0.006482429898676581,0,0
1701086869.522796,4,-92,-2.0449811883874545,63.51604711973103,-0.05750926894389716,0.007102308333725506,0,0
1701086869.553684,5,-105,-6.553179578076544,91.19133451499498,-0.08209362880730554,0.008868986339413439,0,0
1701086869.5872571,7,-115,-34.110937206220086,-106.68565048299004,-0.05083587135956607,0.01886312703856116,0,0
1701086869.6196659,9,-123,-6.607311852320189,-29.45017045496605,-0.04250697607351748,0.020731761674289147,0,0
1701086869.652701,10,-133,32.82976380515084,96.99276166166729,-0.0704675357737204,0.01126777121673873,0,0
1701086869.684602,11,-140,-4.320594155244181,-67.05106789197822,-0.051799528355196925,0.01247068843011509,0,0
1701086869.722681,13,-146,-25.187146394547224,-31.88691941975659,-0.04120589065832356,0.0208384927955824,0,0
1701086869.752905,15,-153,-22.10528385286928,125.02025964045941,-0.07419464265914708,0.026671353237780034,0,0
1701086869.782996,16,-159,37.11922369737957,-7.134555029540249,-0.07232165654888364,0.0169266964061916,0,0
1701086869.8179169,17,-164,1.105327270697532,-29.375047287900554,-0.06337031688929494,0.016589874485939064,0,0
1701086869.850129,17,-170,30.789144053346376,84.03312481182111,-0.08699209669762326,0.00793502102257316,0,0
1701086869.8836842,18,-173,-37.33403267701208,-78.27561933809389,-0.06406696972234117,0.018869299752748637,0,0
1701086869.91654,20,-178,-41.18120936710898,105.15318097679949,-0.09422398093535933,0.030679709871711765,0,0
1701086869.952069,21,-182,30.110010676317728,-9.368578767210051,-0.09131991387957646,0.021346224801339138,0,0
1701086869.9824839,20,-183,73.74257572015016,-69.38153282931869,-0.0729070206341345,0.0017759714643406435,0,0
1701086870.019726,20,-184,-36.1149312815028,22.737978810116843,-0.08029585389148387,0.013511720167779758,0,0
1701086870.0488331,20,-184,-3.0,-6.992431348016253,-0.07851941968829855,0.014273873179273802,0,0
1701086870.083392,21,-182,-35.869183014645515,-38.13836602929099,-0.06702082120291863,0.025088320058493853,0,0
1701086870.115825,20,-181,67.47467579444914,57.04705098354028,-0.08317133125857967,0.0059856598660302076,0,0
1701086870.148134,19,-179,-1.3065545265456195,-12.017110418036117,-0.07978343565482296,0.006354007179366762,0,0
1701086870.182678,18,-172,-3.5796437549279987,-136.02777604544565,-0.03877035308382591,0.007433288405331725,0,0
1701086870.215169,17,-169,0.9482313091474709,148.4655415468517,-0.08086987127973289,0.007164403916463411,0,0
1701086870.2468648,16,-164,-0.06359859930483877,-59.902163210596015,-0.0643009036960133,0.007181995320075117,0,0
1701086870.280351,14,-156,32.16690885114295,-78.32743525121174,-0.041417639706227236,-0.0022155275863665657,0,0
1701086870.313983,13,-152,-34.07069502135955,151.28278008543813,-0.0858196256159038,0.007784331746050015,0,0
1701086870.345672,13,-144,-37.12922814456819,-147.69154910118263,-0.04497052933268153,0.018053676367522652,0,0
1701086870.382259,13,-134,-1.949999999999995,-13.621836612388577,-0.040621211374938994,0.018676292117434424,0,0
1701086870.4123032,12,-126,41.24229409846629,15.702912323544323,-0.04473826449534214,0.007863220496567734,0,0
1701086870.4466271,10,-118,28.41785399999867,43.48582620537835,-0.057763695858220956,-0.0006488589338447635,0,0
1701086870.477995,11,-107,-111.12339259112329,-141.37089904489775,-0.01913546505585646,0.029714533288683467,0,0
1701086870.5117812,10,-97,68.23614013796805,62.36166268301215,-0.03750343019268719,0.009616303235116938,0,0
1701086870.5437598,10,-85,-36.17052128217443,-95.58576078705468,-0.01077241328145133,0.019731563166311274,0,0
1701086870.577488,9,-76,33.09661063186192,118.63225516855377,-0.04561333186487504,0.010011472160929824,0,0
1701086870.613387,8,-65,-1.957348235812308,-43.84414940329667,-0.03184393330654822,0.01062618377794459,0,0
1701086870.642677,7,-50,8.619534598191049,-279.84103415306544,0.03968722137771444,0.008422914109092834,0,0
1701086870.674926,7,-40,-40.7515807474881,226.9426605655043,-0.0241759551187888,0.01989068040434673,0,0
1701086870.708425,5,-25,68.75416148563477,-170.42702786039752,0.02565167820768375,-0.00021092666575675653,0,0
1701086870.7411609,4,-8,-32.615493025983476,-104.27785564855749,0.05543680709544265,0.009105113230487101,0,0
1701086870.7734,5,6,-73.74043345799801,78.66870498275065,0.033299564160373905,0.029855548742993697,0,0
1701086870.807263,2,21,136.17733571219955,-32.91595196262676,0.04302487833206689,-0.010379270361401457,0,0
1701086870.842876,2,37,-93.62126470401361,-32.43303207350415,0.05310247521466172,0.01871074389281677,0,0
1701086870.871843,0,51,92.41265205995714,-73.0498647861785,0.0715762098483764,-0.004659686921128684,0,0
1701086870.907572,-2,66,-10.855508482654594,37.54115653116868,0.05987345526930366,-0.0012756848460174883,0,0
1701086870.9379892,-2,79,-68.70808541304822,-40.162364693455125,0.07053683450094485,0.01696677614031785,0,0
1701086870.972728,-2,90,0.30000000000000254,91.70728283722963,0.042732058743926035,0.016875818994178095,0,0
1701086871.003855,-3,103,40.61976894863161,-156.12706765036467,0.08513077600077482,0.005844893193737401,0,0
1701086871.078655,-4,112,-8.20623588562834,126.89550402237582,0.002297209069979762,0.011201677066570475,0,0
1701086871.104386,-7,120,156.79351999073566,-309.8984117484144,0.07187014604647243,-0.023998844365897654,0,0
1701086871.136394,-6,131,-173.7310482287503,-73.42142734293068,0.09237835906305797,0.024528043132877705,0,0
1701086871.1702359,-5,136,1.3126524649300233,190.0243672759935,0.03623078708009039,0.024140186302620603,0,0
1701086871.203281,-8,142,141.91518622850913,-68.03292369512774,0.05584239185431292,-0.016769190990141986,0,0
1701086871.236732,-9,148,-65.5912601701776,-27.6523417055488,0.06391742244954796,0.0023847540281175133,0,0
1701086871.269701,-9,149,-32.655003667219155,145.78551768634486,0.02199124121299757,0.011775944756524728,0,0
1701086871.301045,-9,153,1.3499999999999985,-145.14893897607269,0.061681984494643474,0.011406789433666634,0,0
1701086871.338229,-10,156,29.812486335663046,20.355275818004166,0.055074538868295386,0.001729476082063368,0,0
1701086871.367863,-10,153,-32.515149006482176,211.72211322103743,0.0003145630750948033,0.010139220087633564,0,0
1701086871.401543,-10,154,1.5,-170.19689051884362,0.050337661467618255,0.00969835041392776,0,0
1701086871.434266,-10,156,1.5,-62.17264353117548,0.06809074674616764,0.009270032967453554,0,0
1701086871.467324,-12,151,73.13873959089742,225.02630338326034,0.003167982158229544,-0.011831363186359684,0,0
1701086871.50004,-14,152,5.606810949353075,-232.6433558648474,0.06956569046085247,-0.013431578230280263,0,0
1701086871.5381289,-15,149,-30.92475780906044,88.77996252481319,0.04004636861005024,-0.003149101723617807,0,0
1701086871.566593,-16,144,15.698852560311074,114.06087118421246,0.011719094019378458,-0.007047947161298066,0,0
1701086871.601016,-18,143,30.33246082271292,-179.89515854991794,0.06575742763035058,-0.01615945216450067,0,0
1701086871.632323,-20,140,12.796048714548636,63.28753195388004,0.04846630175932114,-0.01965552922966927,0,0
1701086871.666471,-22,134,0.1050635291081214,75.54869891606445,0.025954249215403763,-0.019686836131332253,0,0
1701086871.7008939,-24,131,5.697368577089973,-112.20959908636162,0.05966369300007164,-0.021398410963910822,0,0
1701086871.7316082,-25,126,-25.96591957335006,80.79659940329772,0.03800857905667255,-0.014439022188161404,0,0
1701086871.768394,-26,116,-0.35255374836775405,106.06026370029302,0.0039669457953931675,-0.014325864771914179,0,0
1701086871.796603,-27,111,16.624005925805328,-134.4897640942385,0.0370759311316011,-0.01841839904121997,0,0
1701086871.8358421,-28,105,-4.177006656468592,-32.13998696499175,0.04808304725636504,-0.016987882054024496,0,0
1701086871.8623638,-28,92,-31.875817309701496,486.7042541759004,-0.0644155540614856,-0.009619989062670581,0,0
1701086871.8997,-29,86,32.39203760533423,-337.02838847666305,0.045523734287225184,-0.02018633208971119,0,0
1701086871.928234,-29,77,-30.856759780089007,207.0856577876815,-0.005971085042794729,-0.012513356148448167,0,0
1701086871.966756,-31,63,57.45184155056406,52.92010821660158,-0.02377411972632979,-0.031840926749235124,0,0
1701086871.994818,-31,55,-64.76807913357936,-99.3908119295232,0.000534278316324606,-0.016000345336603345,0,0
1701086872.0300071,-29,42,-58.649311304851736,99.31306023235483,-0.029994303092897932,0.0020283033685715665,0,0
1701086872.0601768,-29,27,74.94617774634835,177.85380186188982,-0.0768042030453143,-0.01769701622199219,0,0
1701086872.096737,-30,17,33.772113817721475,-219.84139333565363,-0.006647151056805075,-0.02847456775094476,0,0
1701086872.128205,-30,3,-28.110063244649158,224.40366121562252,-0.06822754248043426,-0.020760661978769433,0,0
1701086872.162773,-29,-12,-28.30069009824827,8.841316507978854,-0.07089602310561398,-0.012218965373039042,0,0
1701086872.1956532,-29,-22,37.3672432128788,-130.51930731650765,-0.03349247106108075,-0.022927477814683534,0,0
1701086872.225085,-28,-33,-40.49099045010052,109.12635424130538,-0.06156169750531142,-0.012512479643097431,0,0
1701086872.2590961,-28,-45,41.60104849677648,0.10081246459815676,-0.061591623987459106,-0.024861875525106953,0,0
1701086872.292338,-26,-53,-66.71068410665393,-107.65133308901854,-0.03037010160328556,-0.005514143756870331,0,0
1701086872.32603,-27,-61,105.42259127222744,16.239020721061237,-0.035143908811944014,-0.03650536760068869,0,0
1701086872.356551,-26,-69,-74.22940084979531,52.18011245575317,-0.04905062706648342,-0.016722210469766186,0,0
1701086872.392294,-24,-73,-23.31084134275376,-141.44556916770168,-0.004952314718077338,-0.0094546179344489,0,0
1701086872.4268532,-20,-77,-67.06897482385116,20.869620194328483,-0.011245873058938078,0.010771073859900948,0,0
1701086872.4569979,-18,-81,61.181096636032876,39.137959624798555,-0.02154476108376488,-0.005328315825486959,0,0
1701086872.492244,-15,-82,-21.593679167166627,-97.3877542721428,0.008403941025653512,0.0013121768078749815,0,0
1701086872.522345,-10,-83,-106.79342926261252,19.9702741109147,0.003157126055300539,0.029370147383459732,0,0
1701086872.556422,-5,-84,15.457042682508074,9.658591463498396,0.00028453852248668817,0.02477302695738658,0,0
1701086872.5889778,0,-83,-14.931998402427464,-58.16898085627204,0.016801571091584876,0.029012955185526122,0,0
1701086872.625849,6,-83,-17.436823092311407,43.706650249443854,0.002738164569708959,0.03462356890672589,0,0
1701086872.6544309,11,-82,-25.41814914436768,-35.13248268322923,0.01150535323996697,0.04096657948205895,0,0
1701086872.688468,16,-81,21.763722525717224,16.982744505143454,0.006461748598708869,0.034503100513243505,0,0
1701086872.720791,21,-82,-19.04260075812343,83.63168413490746,-0.017138015803606826,0.03987667269641437,0,0
1701086872.754026,25,-82,29.430879061546015,-22.61784921491512,-0.01058270925074868,0.031346753138841964,0,0
1701086872.7876039,30,-82,-42.884524749621725,12.299999999999997,-0.014188832432749087,0.04391967011840953,0,0
1701086872.819098,33,-84,54.5420814073366,91.0960934465354,-0.039221540799287406,0.028931804383254062,0,0
1701086872.8556428,38,-84,-54.42358784059228,-52.55113531213667,-0.022456367946799782,0.04629433807506851,0,0
1701086872.88642,42,-86,-3.9454196935865102,95.0919189079097,-0.04798208893305256,0.04735341526510489,0,0
1701086872.9194398,46,-86,-2.2157219079773665,-60.925428202431235,-0.030422505197907804,0.047992018152681656,0,0
1701086872.952366,51,-87,-49.3981250047712,48.974583262143625,-0.04450100106992278,0.06219226760130782,0,0
1701086872.984684,54,-88,56.113567422577155,15.290213063144215,-0.04881114943845661,0.04637445001562538,0,0
1701086873.0174541,58,-88,-47.61835827151691,-22.23058432128476,-0.04245462249896728,0.05999025843490038,0,0
1701086873.054278,63,-87,-29.502193636190064,-15.822380897307315,-0.037369706674271204,0.06947152249102234,0,0
1701086873.084681,65,-88,73.61379212575886,88.70345785829396,-0.06091203092686275,0.049934068083595955,0,0
1701086873.117277,68,-84,-44.63772022941114,-172.08465496494742,-0.01198572496239037,0.06262525637081161,0,0
1701086873.151053,72,-82,-45.307899191889064,80.20289262069825,-0.0356360014420439,0.07598567652009572,0,0
1701086873.182966,75,-80,13.113530469670707,5.047738034573617,-0.03704107218457814,0.0723354399452054,0,0
1701086873.217912,79,-75,-38.86632751455182,-81.37923825646622,-0.012217476935356068,0.08419106803555898,0,0
1701086873.252,80,-71,80.30101092861086,33.632987031071565,-0.02222161318658016,0.06030552216659716,0,0
1701086873.281753,82,-66,-63.047764701065475,-61.5129261890368,-0.006247485340662932,0.07667822813475551,0,0
1701086873.317899,83,-59,27.330792824395225,-26.487288212425835,0.0021065898997100164,0.06805811203215915,0,0
1701086873.34833,86,-54,-104.71778215353388,36.90900911813195,-0.007695305222009891,0.09586792710367256,0,0
1701086873.3818161,87,-46,62.553255726960785,-87.33554207423113,0.017830386991982757,0.07758539155460091,0,0
1701086873.415814,86,-41,53.8031812740683,100.7823075200119,-0.012069738905331697,0.06162304723686204,0,0
1701086873.447389,87,-35,-87.04380153687555,-54.367376440367906,0.0029080128776111844,0.08560287740381944,0,0
1701086873.483284,85,-28,81.05526416984218,-9.744023439360221,0.005960350072190779,0.060212134125976056,0,0
1701086873.513095,84,-23,-38.98298886760876,30.24829832577592,-0.00190979122907482,0.07035490736331568,0,0
1701086873.546839,81,-20,53.39236655921384,86.56501149770203,-0.027398490792038835,0.05463375205312924,0,0
1701086873.5801,79,-14,-41.59668464825274,-109.13650715782751,0.004281016695139976,0.06670819457537763,0,0
1701086873.613424,76,-10,26.296108326799985,64.00807197554705,-0.01433296512621545,0.05906110777428727,0,0
1701086873.6460822,73,-7,-4.721533343829977,29.27496283552991,-0.02267717783069275,0.06040688159246558,0,0
1701086873.678849,69,-2,30.02387969571054,-76.48914653475045,-0.0008407023571112194,0.05183552549426036,0,0
1701086873.713805,62,2,82.97996609145267,35.86462036377033,-0.011794954150913984,0.02649067496504011,0,0
1701086873.744342,58,6,-87.44127788749682,-27.559111197149402,-0.004460736768928844,0.04976114024230227,0,0
1701086873.7781172,52,10,51.75533249597213,7.331512719594228,-0.006622032171953806,0.03450391209801775,0,0
1701086873.81108,46,14,6.227338592143098,-10.851559061428736,-0.0034994014592883175,0.032711941134590784,0,0
1701086873.844843,39,19,31.68098362443353,-39.282358328064106,0.008073660375696389,0.023378336990545086,0,0
1701086873.87456,34,24,-47.04126172249507,-36.335720635042115,0.01750671402208086,0.03559063765959976,0,0
1701086873.908928,26,27,77.23025705648918,80.16471281703505,-0.006531933458326842,0.012431932801023839,0,0
1701086873.94748,18,34,-17.984969045335852,-104.95010793425236,0.02877840355957531,0.01848295390759752,0,0
1701086873.974554,9,38,186.4926516485508,34.531338182318564,0.02061802346655762,-0.025588634455756595,0,0
1701086874.007686,0,44,-56.41864752166261,-52.6021030067191,0.03582281108907805,-0.009280663776197576,0,0
1701086874.0409868,-9,51,11.886636153767366,-49.84353647588723,0.05030717571387925,-0.012734880398583547,0,0
1701086874.072769,-18,56,30.57152862015459,46.961637476435634,0.03727867602929848,-0.02121629570665698,0,0
1701086874.106029,-28,60,37.57500124984883,27.307491863469437,0.029353664539153005,-0.032121080303357356,0,0
1701086874.141767,-39,66,27.245873241440925,-67.47752932028793,0.050392174590412266,-0.04061594642870981,0,0
1701086874.172359,-49,69,45.29360714075099,70.89052520314199,0.031464360080692866,-0.05270936782712032,0,0
1701086874.2060301,-59,73,-11.082244219372269,-39.37151670809193,0.043035100320145715,-0.04945245064805265,0,0
1701086874.239032,-66,78,-76.95817316572092,-55.69536786191268,0.059076181093638234,-0.02728737086991975,0,0
1701086874.272298,-73,79,18.549943098485194,123.69475025231749,0.023169505088462765,-0.03267213291837434,0,0
1701086874.3040159,-80,82,34.025282946901704,-92.81597705291092,0.04886330578842749,-0.04209118841459812,0,0
1701086874.336959,-86,83,-22.755221029392555,59.286932281789575,0.03182086027212976,-0.03555004014331454,0,0
1701086874.373895,-88,82,-114.32517126768667,47.234995610421365,0.01659708410608587,0.0012968102698545521,0,0
1701086874.4039638,-91,83,75.0674507236255,-89.2128870377282,0.04000212924301465,-0.018397172638215813,0,0
1701086874.437079,-93,82,-27.946205865801105,60.9105043329583,0.022397928975798072,-0.010320230735368639,0,0
1701086874.4704561,-93,80,-53.89186634619207,24.086558334524252,0.01538161743566547,0.005378239694177671,0,0
1701086874.503616,-91,78,-57.225755212657766,-8.559810312975877,0.017859434683343802,0.021943438932575936,0,0
1701086874.535896,-89,75,8.635950650839758,30.839668562279797,0.009171193449847237,0.019510493767048488,0,0
1701086874.572552,-87,71,18.147180028290023,10.850086632892811,0.005700998494049417,0.013706461529626892,0,0
1701086874.601374,-83,69,-103.43495322417539,-58.93463069447786,0.020520617215619603,0.0397160682956765,0,0
1701086874.634968,-79,64,28.549170971726493,85.72993539315172,-0.004615176194618938,0.031345525844104556,0,0
1701086874.669201,-74,59,-25.007020553956398,-5.339601114023453,-0.003019656634066969,0.03881784251962829,0,0
1701086874.701555,-69,56,-6.528091700537738,-65.99115723701114,0.015607399871844351,0.040660500507045554,0,0
1701086874.734081,-65,49,40.65807749584073,143.50469003985887,-0.025127497332144172,0.02911939612331527,0,0
1701086874.768085,-59,45,-58.21121627110722,-109.04043604004353,0.007211309219504735,0.046383461918468726,0,0
1701086874.803793,-54,41,40.17777900989348,-7.096102418224135,0.009422973254617602,0.033861130135504965,0,0
1701086874.8334138,-49,35,-36.59034049052566,118.33962651516278,-0.02118103485407015,0.04332381909310627,0,0
1701086874.866455,-45,32,55.37541434382725,-127.45722114838983,0.015562188274005587,0.027360257462682364,0,0
1701086874.89941,-41,28,0.35084137046828867,36.046930416967,0.005195969742727751,0.027259364036417825,0,0
1701086874.9328709,-39,25,72.20854502338987,-35.281156884363746,0.01549971950303251,0.006171087908872516,0,0
1701086874.9659069,-36,22,-33.899094646164116,2.0877693201326224,0.014897699011084516,0.015946090079217136,0,0
1701086874.999389,-33,18,2.2098974009541794,34.862138171490805,0.004715524460678514,0.015300645988429696,0,0
1701086875.035372,-31,14,37.64149018824932,-5.813563457455031,0.006541256796835572,0.003479447798927177,0,0
1701086875.0658188,-29,12,-11.057972673665748,-54.83923664964606,0.02111251224217275,0.006417645964684864,0,0
1701086875.09821,-28,9,43.11451794092566,33.98437630903938,0.011505384991958611,-0.00577050356683795,0,0
1701086875.1307352,-26,8,-34.189707667381796,-71.14824128717783,0.031696469145615504,0.0039321574155276595,0,0
1701086875.1638489,-25,8,37.839351464022386,-36.020465730277614,0.04210633876488529,-0.007003367909651484,0,0
1701086875.199072,-25,3,4784.916990374126,157.10051131270592,-0.006177786152852959,-0.2879793265790644,150,0
1701086875.232457,-24,3,-4792.894348940333,-159.91669664502498,0.040412251541066785,-0.08126669851970626,150,0
1701086875.2626739,-24,1,63.32599013646297,85.20761819923516,0.017975554301961513,-0.09794156982917258,150,0
1701086875.29705,-23,-3,-7.00638474038693,60.06625596661094,-6.76237626949001e-05,-0.09583693644681952,150,0
1701086875.328722,-22,-5,21.269292472644942,-59.18516216991642,0.01624255908169414,-0.1016983050142264,150,0
1701086875.362157,-21,-6,26.364688683111048,-35.23494012098756,0.026551212099288412,-0.10941179698037845,150,0
1701086875.394037,-19,-11,-16.192557068662932,158.14004598405685,-0.01744013203422957,-0.10490735696977548,150,0
1701086875.427126,-14,-13,-82.48936246132605,-104.61135532367496,0.012751500113472113,-0.08110030007977496,150,0
1701086875.464205,-10,-16,62.97513441362808,26.661129076316016,0.004120877974193073,-0.10148633053401984,150,0
1701086875.4942641,-3,-21,-143.94029865357936,117.54858687133175,-0.026686013264868674,-0.06376275389593816,150,0
1701086875.526187,5,-23,-9.929362949122195,-115.68570044619568,0.0055591796723728475,-0.06099513246300874,150,0
1701086875.559329,15,-26,-51.15073900668206,39.48412341463024,-0.005865401818617821,-0.04619485995930912,150,0
1701086875.634021,27,-30,81.97815631970727,-11.628018062557791,0.0017128735208440074,-0.09962211102392682,150,0
1701086875.656095,42,-32,-894.6177556749092,71.68024634516223,-0.012103078453293654,0.07281027555156315,150,0
1701086875.6974368,55,-36,330.89890712645956,15.39108370631432,-0.017655189847398577,-0.04655673119143577,150,0
1701086875.7226088,72,-41,-556.0399967366549,166.7735626125985,-0.054295753076013004,0.07560662814984204,150,0
1701086875.759066,90,-41,173.44772751014872,-198.15696443610085,0.008740044290520797,0.020431096792016986,150,0
1701086875.7899961,111,-44,-249.0211323760328,128.52163437954545,-0.025955557184890992,0.08765664998066883,150,0
1701086875.822321,131,-47,44.78446282483328,6.384756063559993,-0.0277566936758459,0.07502297542542749,150,0
1701086875.8558972,151,-48,-1.338138024091442,-61.851256650132015,-0.009636736942356769,0.07541499661324473,150,0
1701086875.8895822,173,-50,-96.59082526223196,43.09620067040532,-0.02230668285815811,0.10381194374541955,150,0
1701086875.923873,197,-52,-89.9906522641521,9.300269490259064,-0.02508909042071789,0.13073489169673633,150,0
1701086875.955043,222,-48,-169.31385207449716,-223.0509393484243,0.035598465524535654,0.17680169554025943,150,0
1701086875.988202,243,-50,147.98283095548476,223.60291919661861,-0.029085304571172133,0.13399327671447642,150,0
1701086876.0212731,265,-48,-82.88873567976887,-132.4394998437133,0.009149590341999206,0.15792301143819176,150,0
1701086876.054303,287,-44,-51.938003905164585,-67.76307359987703,0.028676216043825406,0.17288948075663743,150,0
1701086876.0868852,312,-43,-175.15612406320338,109.16681705195226,-0.0023624924162126775,0.22269051019583738,150,0
1701086876.1226728,335,-40,74.06535316708433,-53.41475422712926,0.014323233800497135,0.19955394010445593,150,0
1701086876.1520371,354,-36,-65.617331333365,-67.70089229496696,0.031669065025675854,0.21636593646332514,150,0
1701086876.185715,369,-33,171.77036881331293,53.45868355514357,0.01595674554936209,0.1658800147781224,150,0
1701086876.219352,384,-34,-55.84085776672076,138.8953850481148,-0.02481152269312646,0.1822703006579283,150,0
1701086876.2519948,392,-35,183.4577052774578,7.664954528868926,-0.026995060765403478,0.13000816620988254,150,0
1701086876.284039,387,-36,440.8458385087668,7.4742518465108745,-0.02908520897460325,0.006727179856390452,150,0
1701086876.317884,372,-36,304.5261966084789,-29.163637095852646,-0.02046854999210019,-0.08324782493432206,150,0
1701086876.352412,351,-34,177.25837714222942,-60.513990730137124,-0.0022486996077226325,-0.1366176501919476,150,0
1701086876.6154041,343,119,-41711.54517650069,-38499.61007862784,0.2879793265790644,0.2879793265790644,150,0
1701086876.64973,347,137,6874.16195977752,3721.283853482209,0.23624721346618655,0.13192236418917702,150,0
1701086876.68114,355,156,-207.1358205699975,-146.6536634767095,0.2764467566916175,0.18870079832533565,150,0
1701086876.714825,362,175,11.072079344417215,-6.064751042527708,0.27822984700836245,0.18544550930739873,150,0
1701086876.748922,368,192,-5.631827066555726,20.691579341847063,0.27207263716730495,0.18712137659932654,150,0
1701086876.783456,374,208,-39.07397326666749,-13.942111033331912,0.27627297832903847,0.1988931963669415,150,0
1701086876.814107,380,225,-70.11545970014205,-170.0921867528574,0.2879793265790644,0.2176514136560466,150,0
1701086876.846302,388,243,-108.38362183320744,-66.99751433713307,0.2879793265790644,0.24809942130699267,150,0
1701086876.880725,395,259,3.312897419916729,43.05477177399828,0.2879793265790644,0.24710412217257063,150,0
1701086876.913783,403,278,-92.7159110678999,-192.3634754892676,0.2879793265790644,0.27385048574168225,150,0
